Date,Year,Month,Month_Name,Quarter,Region,Category,Sales_INR,Units_Sold,Profit_INR,Discount_pct,Returns,Profit_Margin_pct
2021-01-01,2021,1,Jan,Q1,North,Electronics,162941.46,67,49605.73,11.6,1,30.44
2021-01-01,2021,1,Jan,Q1,North,Clothing,121101.91,134,39630.59,11.6,7,32.72
2021-01-01,2021,1,Jan,Q1,North,Furniture,95573.55,39,30728.35,5.4,0,32.15
2021-01-01,2021,1,Jan,Q1,North,Groceries,133058.46,101,35820.48,8.9,3,26.92
2021-01-01,2021,1,Jan,Q1,North,Sports,98577.09,95,22639.67,7.9,3,22.97
2021-01-01,2021,1,Jan,Q1,South,Electronics,142102.82,124,38001.11,11.5,1,26.74
2021-01-01,2021,1,Jan,Q1,South,Clothing,107197.22,98,20480.97,17.2,7,19.11
2021-01-01,2021,1,Jan,Q1,South,Furniture,91828.31,69,18053.84,12.9,2,19.66
2021-01-01,2021,1,Jan,Q1,South,Groceries,103658.97,63,19264.61,16.5,1,18.58
2021-01-01,2021,1,Jan,Q1,South,Sports,78964.41,59,21194.96,10.7,1,26.84
2021-01-01,2021,1,Jan,Q1,East,Electronics,124622.43,58,42336.09,16.3,3,33.97
2021-01-01,2021,1,Jan,Q1,East,Clothing,96909.98,101,20672.56,2.7,3,21.33
2021-01-01,2021,1,Jan,Q1,East,Furniture,70076.34,55,22486.47,7.7,1,32.09
2021-01-01,2021,1,Jan,Q1,East,Groceries,96983.72,93,30683.08,3.2,7,31.64
2021-01-01,2021,1,Jan,Q1,East,Sports,68181.68,59,12336.71,15.0,3,18.09
2021-01-01,2021,1,Jan,Q1,West,Electronics,162464.1,76,31288.57,7.7,1,19.26
2021-01-01,2021,1,Jan,Q1,West,Clothing,131544.52,70,31077.74,3.0,2,23.63
2021-01-01,2021,1,Jan,Q1,West,Furniture,94846.36,46,27352.24,16.2,1,28.84
2021-01-01,2021,1,Jan,Q1,West,Groceries,119948.75,59,37104.16,11.0,3,30.93
2021-01-01,2021,1,Jan,Q1,West,Sports,87868.96,52,22202.9,2.4,0,25.27
2021-02-01,2021,2,Feb,Q1,North,Electronics,149107.22,79,34807.67,10.1,5,23.34
2021-02-01,2021,2,Feb,Q1,North,Clothing,124057.58,82,38264.78,5.7,1,30.84
2021-02-01,2021,2,Feb,Q1,North,Furniture,102550.36,95,34667.0,14.9,5,33.8
2021-02-01,2021,2,Feb,Q1,North,Groceries,156837.68,72,33205.19,16.3,3,21.17
2021-02-01,2021,2,Feb,Q1,North,Sports,103083.42,44,24127.77,3.8,1,23.41
2021-02-01,2021,2,Feb,Q1,South,Electronics,130673.28,59,42641.85,2.1,2,32.63
2021-02-01,2021,2,Feb,Q1,South,Clothing,102428.67,86,20524.36,7.4,6,20.04
2021-02-01,2021,2,Feb,Q1,South,Furniture,81872.12,48,24521.78,7.8,3,29.95
2021-02-01,2021,2,Feb,Q1,South,Groceries,126652.56,103,33503.69,6.8,3,26.45
2021-02-01,2021,2,Feb,Q1,South,Sports,67552.82,36,17932.26,2.8,1,26.55
2021-02-01,2021,2,Feb,Q1,East,Electronics,122974.19,101,25164.47,9.8,7,20.46
2021-02-01,2021,2,Feb,Q1,East,Clothing,82552.21,42,25547.87,5.8,2,30.95
2021-02-01,2021,2,Feb,Q1,East,Furniture,69715.29,37,20057.09,10.6,0,28.77
2021-02-01,2021,2,Feb,Q1,East,Groceries,103725.37,77,21959.51,2.7,3,21.17
2021-02-01,2021,2,Feb,Q1,East,Sports,66727.39,80,17819.94,5.6,4,26.71
2021-02-01,2021,2,Feb,Q1,West,Electronics,141964.58,71,34887.09,17.0,1,24.57
2021-02-01,2021,2,Feb,Q1,West,Clothing,116384.57,117,39244.63,16.0,3,33.72
2021-02-01,2021,2,Feb,Q1,West,Furniture,102801.22,46,28207.02,10.5,1,27.44
2021-02-01,2021,2,Feb,Q1,West,Groceries,119109.5,51,39671.93,12.1,1,33.31
2021-02-01,2021,2,Feb,Q1,West,Sports,84815.31,41,28201.83,16.2,2,33.25
2021-03-01,2021,3,Mar,Q1,North,Electronics,173726.72,184,36044.28,16.4,9,20.75
2021-03-01,2021,3,Mar,Q1,North,Clothing,157209.34,161,46030.16,2.1,3,29.28
2021-03-01,2021,3,Mar,Q1,North,Furniture,109263.18,55,31777.38,5.6,3,29.08
2021-03-01,2021,3,Mar,Q1,North,Groceries,134919.33,99,41407.22,12.4,6,30.69
2021-03-01,2021,3,Mar,Q1,North,Sports,99631.4,56,19520.25,7.9,1,19.59
2021-03-01,2021,3,Mar,Q1,South,Electronics,124828.15,50,30810.91,16.3,2,24.68
2021-03-01,2021,3,Mar,Q1,South,Clothing,151056.72,91,42004.9,9.9,2,27.81
2021-03-01,2021,3,Mar,Q1,South,Furniture,90064.72,70,16583.95,12.3,1,18.41
2021-03-01,2021,3,Mar,Q1,South,Groceries,126050.95,52,42293.49,7.9,0,33.55
2021-03-01,2021,3,Mar,Q1,South,Sports,83812.53,54,28859.28,17.4,3,34.43
2021-03-01,2021,3,Mar,Q1,East,Electronics,106474.79,73,34571.64,7.1,1,32.47
2021-03-01,2021,3,Mar,Q1,East,Clothing,120419.52,50,35924.16,11.1,0,29.83
2021-03-01,2021,3,Mar,Q1,East,Furniture,73987.32,29,15079.67,10.3,2,20.38
2021-03-01,2021,3,Mar,Q1,East,Groceries,101547.31,51,30405.53,7.8,1,29.94
2021-03-01,2021,3,Mar,Q1,East,Sports,68751.79,31,22509.49,16.6,1,32.74
2021-03-01,2021,3,Mar,Q1,West,Electronics,154056.04,71,44752.34,13.2,4,29.05
2021-03-01,2021,3,Mar,Q1,West,Clothing,178639.77,129,43561.15,3.5,6,24.38
2021-03-01,2021,3,Mar,Q1,West,Furniture,87973.99,55,23950.88,6.6,2,27.22
2021-03-01,2021,3,Mar,Q1,West,Groceries,117126.25,135,37461.9,7.8,2,31.98
2021-03-01,2021,3,Mar,Q1,West,Sports,88469.78,41,19170.48,12.0,0,21.67
2021-04-01,2021,4,Apr,Q2,North,Electronics,149923.81,88,40765.48,12.2,5,27.19
2021-04-01,2021,4,Apr,Q2,North,Clothing,147074.99,87,34548.3,14.7,2,23.49
2021-04-01,2021,4,Apr,Q2,North,Furniture,106418.14,114,19613.89,17.4,7,18.43
2021-04-01,2021,4,Apr,Q2,North,Groceries,150772.87,100,31580.89,4.5,2,20.95
2021-04-01,2021,4,Apr,Q2,North,Sports,97134.18,48,28385.87,6.5,3,29.22
2021-04-01,2021,4,Apr,Q2,South,Electronics,140593.67,80,39927.55,8.7,2,28.4
2021-04-01,2021,4,Apr,Q2,South,Clothing,100887.79,48,18406.66,3.9,0,18.24
2021-04-01,2021,4,Apr,Q2,South,Furniture,76075.76,33,22793.96,9.6,0,29.96
2021-04-01,2021,4,Apr,Q2,South,Groceries,113770.61,70,23828.61,8.9,2,20.94
2021-04-01,2021,4,Apr,Q2,South,Sports,78113.11,41,14661.96,8.0,2,18.77
2021-04-01,2021,4,Apr,Q2,East,Electronics,112084.3,49,32726.14,4.6,0,29.2
2021-04-01,2021,4,Apr,Q2,East,Clothing,91007.9,107,25444.16,17.0,5,27.96
2021-04-01,2021,4,Apr,Q2,East,Furniture,70067.58,37,18070.64,10.7,2,25.79
2021-04-01,2021,4,Apr,Q2,East,Groceries,93375.8,38,31179.08,5.1,0,33.39
2021-04-01,2021,4,Apr,Q2,East,Sports,57867.95,69,11345.32,12.9,1,19.61
2021-04-01,2021,4,Apr,Q2,West,Electronics,147309.34,65,27098.47,15.0,1,18.4
2021-04-01,2021,4,Apr,Q2,West,Clothing,109911.51,55,31535.84,16.0,3,28.69
2021-04-01,2021,4,Apr,Q2,West,Furniture,106210.71,83,22321.74,14.0,5,21.02
2021-04-01,2021,4,Apr,Q2,West,Groceries,147539.2,98,35887.89,14.4,3,24.32
2021-04-01,2021,4,Apr,Q2,West,Sports,97097.59,42,24558.8,14.0,2,25.29
2021-05-01,2021,5,May,Q2,North,Electronics,151997.95,65,40415.18,15.2,2,26.59
2021-05-01,2021,5,May,Q2,North,Clothing,144530.18,98,26281.71,16.5,1,18.18
2021-05-01,2021,5,May,Q2,North,Furniture,103316.61,42,35293.29,11.2,2,34.16
2021-05-01,2021,5,May,Q2,North,Groceries,142218.28,109,33545.45,12.8,6,23.59
2021-05-01,2021,5,May,Q2,North,Sports,102717.98,47,20081.88,9.9,0,19.55
2021-05-01,2021,5,May,Q2,South,Electronics,134580.96,86,44534.15,7.6,1,33.09
2021-05-01,2021,5,May,Q2,South,Clothing,95546.23,45,27239.95,3.6,0,28.51
2021-05-01,2021,5,May,Q2,South,Furniture,89623.89,97,28654.21,13.3,1,31.97
2021-05-01,2021,5,May,Q2,South,Groceries,102641.16,41,25006.06,7.9,2,24.36
2021-05-01,2021,5,May,Q2,South,Sports,84157.81,33,25926.86,8.0,0,30.81
2021-05-01,2021,5,May,Q2,East,Electronics,119449.71,68,30115.39,16.5,1,25.21
2021-05-01,2021,5,May,Q2,East,Clothing,87844.24,107,22810.72,2.9,1,25.97
2021-05-01,2021,5,May,Q2,East,Furniture,65390.85,34,20063.72,11.3,2,30.68
2021-05-01,2021,5,May,Q2,East,Groceries,93117.02,72,30510.89,5.6,5,32.77
2021-05-01,2021,5,May,Q2,East,Sports,56506.69,23,10585.8,16.3,1,18.73
2021-05-01,2021,5,May,Q2,West,Electronics,172219.98,186,47215.01,17.5,8,27.42
2021-05-01,2021,5,May,Q2,West,Clothing,124757.74,62,32096.67,12.0,3,25.73
2021-05-01,2021,5,May,Q2,West,Furniture,108531.51,123,24719.54,17.2,8,22.78
2021-05-01,2021,5,May,Q2,West,Groceries,130595.21,70,29665.33,5.0,2,22.72
2021-05-01,2021,5,May,Q2,West,Sports,84902.8,47,16404.48,17.6,3,19.32
2021-06-01,2021,6,Jun,Q2,North,Electronics,175989.88,102,40938.71,15.0,5,23.26
2021-06-01,2021,6,Jun,Q2,North,Clothing,121311.7,51,38799.28,17.2,3,31.98
2021-06-01,2021,6,Jun,Q2,North,Furniture,110939.72,73,37560.18,15.9,0,33.86
2021-06-01,2021,6,Jun,Q2,North,Groceries,127631.24,88,40560.45,17.8,1,31.78
2021-06-01,2021,6,Jun,Q2,North,Sports,137436.28,94,47399.77,15.5,6,34.49
2021-06-01,2021,6,Jun,Q2,South,Electronics,132000.69,87,29895.41,2.9,6,22.65
2021-06-01,2021,6,Jun,Q2,South,Clothing,112347.56,44,39257.41,10.9,2,34.94
2021-06-01,2021,6,Jun,Q2,South,Furniture,94626.59,42,21011.76,9.2,0,22.2
2021-06-01,2021,6,Jun,Q2,South,Groceries,126422.84,69,27670.07,12.7,3,21.89
2021-06-01,2021,6,Jun,Q2,South,Sports,102778.04,103,30233.95,10.3,6,29.42
2021-06-01,2021,6,Jun,Q2,East,Electronics,112541.99,50,30816.72,11.0,3,27.38
2021-06-01,2021,6,Jun,Q2,East,Clothing,85961.56,83,15893.7,14.1,4,18.49
2021-06-01,2021,6,Jun,Q2,East,Furniture,75526.5,64,15345.71,2.2,2,20.32
2021-06-01,2021,6,Jun,Q2,East,Groceries,98071.7,66,24946.57,16.5,2,25.44
2021-06-01,2021,6,Jun,Q2,East,Sports,89900.83,42,22242.57,12.0,2,24.74
2021-06-01,2021,6,Jun,Q2,West,Electronics,170614.28,162,57585.71,9.9,4,33.75
2021-06-01,2021,6,Jun,Q2,West,Clothing,119813.3,48,31600.17,7.3,2,26.37
2021-06-01,2021,6,Jun,Q2,West,Furniture,92825.86,99,18742.43,4.0,2,20.19
2021-06-01,2021,6,Jun,Q2,West,Groceries,120558.04,63,25428.06,7.5,4,21.09
2021-06-01,2021,6,Jun,Q2,West,Sports,122430.1,63,25623.93,5.1,0,20.93
2021-07-01,2021,7,Jul,Q3,North,Electronics,154651.46,121,32491.0,3.4,2,21.01
2021-07-01,2021,7,Jul,Q3,North,Clothing,130757.47,113,31633.62,10.1,6,24.19
2021-07-01,2021,7,Jul,Q3,North,Furniture,96058.97,44,27544.24,3.3,3,28.67
2021-07-01,2021,7,Jul,Q3,North,Groceries,158545.35,175,36000.77,14.9,10,22.71
2021-07-01,2021,7,Jul,Q3,North,Sports,124223.91,107,30183.96,9.8,5,24.3
2021-07-01,2021,7,Jul,Q3,South,Electronics,128815.72,81,39555.45,2.6,2,30.71
2021-07-01,2021,7,Jul,Q3,South,Clothing,109850.81,47,29328.54,10.5,0,26.7
2021-07-01,2021,7,Jul,Q3,South,Furniture,84420.9,49,18675.59,6.3,1,22.12
2021-07-01,2021,7,Jul,Q3,South,Groceries,100869.15,74,21782.31,7.2,1,21.59
2021-07-01,2021,7,Jul,Q3,South,Sports,116372.5,64,34381.95,14.6,2,29.54
2021-07-01,2021,7,Jul,Q3,East,Electronics,100896.42,58,28227.08,13.9,2,27.98
2021-07-01,2021,7,Jul,Q3,East,Clothing,80134.5,62,19370.43,12.3,3,24.17
2021-07-01,2021,7,Jul,Q3,East,Furniture,69513.35,28,19671.01,5.8,0,28.3
2021-07-01,2021,7,Jul,Q3,East,Groceries,88001.87,72,18244.18,5.0,2,20.73
2021-07-01,2021,7,Jul,Q3,East,Sports,82576.23,35,15990.04,10.4,1,19.36
2021-07-01,2021,7,Jul,Q3,West,Electronics,171828.71,173,42550.88,17.5,12,24.76
2021-07-01,2021,7,Jul,Q3,West,Clothing,130207.77,105,27220.05,12.7,7,20.91
2021-07-01,2021,7,Jul,Q3,West,Furniture,100348.69,56,22839.0,14.3,1,22.76
2021-07-01,2021,7,Jul,Q3,West,Groceries,126414.16,82,33663.3,5.9,1,26.63
2021-07-01,2021,7,Jul,Q3,West,Sports,126470.81,97,35261.39,4.5,4,27.88
2021-08-01,2021,8,Aug,Q3,North,Electronics,169314.01,190,40165.13,4.2,2,23.72
2021-08-01,2021,8,Aug,Q3,North,Clothing,147521.94,109,46864.57,6.1,6,31.77
2021-08-01,2021,8,Aug,Q3,North,Furniture,114745.11,63,29853.0,8.6,2,26.02
2021-08-01,2021,8,Aug,Q3,North,Groceries,158844.53,71,54651.19,4.0,4,34.41
2021-08-01,2021,8,Aug,Q3,North,Sports,148539.11,134,28416.18,13.9,6,19.13
2021-08-01,2021,8,Aug,Q3,South,Electronics,143911.17,138,45360.15,5.2,2,31.52
2021-08-01,2021,8,Aug,Q3,South,Clothing,96079.79,43,28159.4,10.4,1,29.31
2021-08-01,2021,8,Aug,Q3,South,Furniture,93240.16,63,29727.0,9.0,2,31.88
2021-08-01,2021,8,Aug,Q3,South,Groceries,112978.92,86,34695.1,10.0,2,30.71
2021-08-01,2021,8,Aug,Q3,South,Sports,116603.54,80,31763.27,16.5,4,27.24
2021-08-01,2021,8,Aug,Q3,East,Electronics,101702.22,42,29159.08,7.4,0,28.67
2021-08-01,2021,8,Aug,Q3,East,Clothing,94209.81,50,25501.5,16.3,3,27.07
2021-08-01,2021,8,Aug,Q3,East,Furniture,65980.94,49,14663.81,13.9,0,22.22
2021-08-01,2021,8,Aug,Q3,East,Groceries,97610.26,46,32118.67,7.5,3,32.91
2021-08-01,2021,8,Aug,Q3,East,Sports,81227.02,36,16381.3,8.4,2,20.17
2021-08-01,2021,8,Aug,Q3,West,Electronics,141060.95,118,42710.85,13.5,6,30.28
2021-08-01,2021,8,Aug,Q3,West,Clothing,126632.26,73,28214.41,7.5,1,22.28
2021-08-01,2021,8,Aug,Q3,West,Furniture,108704.79,60,26974.52,9.4,4,24.81
2021-08-01,2021,8,Aug,Q3,West,Groceries,121018.17,67,32190.96,11.8,0,26.6
2021-08-01,2021,8,Aug,Q3,West,Sports,134202.96,56,37049.77,13.1,4,27.61
2021-09-01,2021,9,Sep,Q3,North,Electronics,176355.86,166,49021.47,11.7,6,27.8
2021-09-01,2021,9,Sep,Q3,North,Clothing,139490.55,58,47056.67,9.2,1,33.73
2021-09-01,2021,9,Sep,Q3,North,Furniture,120567.08,54,24257.21,16.7,3,20.12
2021-09-01,2021,9,Sep,Q3,North,Groceries,144651.04,80,35848.93,2.9,2,24.78
2021-09-01,2021,9,Sep,Q3,North,Sports,102977.74,127,24374.3,8.4,6,23.67
2021-09-01,2021,9,Sep,Q3,South,Electronics,146401.79,105,34987.4,13.8,4,23.9
2021-09-01,2021,9,Sep,Q3,South,Clothing,97593.09,62,19903.69,4.8,2,20.39
2021-09-01,2021,9,Sep,Q3,South,Furniture,83836.35,35,20255.45,11.3,1,24.16
2021-09-01,2021,9,Sep,Q3,South,Groceries,100678.26,52,21169.23,17.4,1,21.03
2021-09-01,2021,9,Sep,Q3,South,Sports,74442.74,78,26015.4,10.0,4,34.95
2021-09-01,2021,9,Sep,Q3,East,Electronics,100363.02,48,21646.69,16.4,1,21.57
2021-09-01,2021,9,Sep,Q3,East,Clothing,81467.32,94,21201.98,11.0,1,26.03
2021-09-01,2021,9,Sep,Q3,East,Furniture,76761.12,48,20659.97,9.1,1,26.91
2021-09-01,2021,9,Sep,Q3,East,Groceries,97374.11,91,20538.91,15.8,6,21.09
2021-09-01,2021,9,Sep,Q3,East,Sports,62054.03,49,17963.4,8.5,0,28.95
2021-09-01,2021,9,Sep,Q3,West,Electronics,141291.4,70,41259.5,2.4,1,29.2
2021-09-01,2021,9,Sep,Q3,West,Clothing,113190.41,58,20753.55,3.7,3,18.34
2021-09-01,2021,9,Sep,Q3,West,Furniture,91362.22,47,20144.55,3.6,1,22.05
2021-09-01,2021,9,Sep,Q3,West,Groceries,139041.42,61,44651.4,8.4,3,32.11
2021-09-01,2021,9,Sep,Q3,West,Sports,81769.27,62,27178.23,2.2,0,33.24
2021-10-01,2021,10,Oct,Q4,North,Electronics,156221.97,184,32938.47,11.3,7,21.08
2021-10-01,2021,10,Oct,Q4,North,Clothing,194993.78,89,46429.77,6.2,3,23.81
2021-10-01,2021,10,Oct,Q4,North,Furniture,110340.44,87,31568.99,8.6,4,28.61
2021-10-01,2021,10,Oct,Q4,North,Groceries,163061.41,125,55642.6,14.2,2,34.12
2021-10-01,2021,10,Oct,Q4,North,Sports,104489.5,64,34698.23,14.8,2,33.21
2021-10-01,2021,10,Oct,Q4,South,Electronics,117757.22,93,32039.13,12.1,2,27.21
2021-10-01,2021,10,Oct,Q4,South,Clothing,128864.32,58,44760.81,10.4,1,34.73
2021-10-01,2021,10,Oct,Q4,South,Furniture,80827.75,97,27112.12,3.9,4,33.54
2021-10-01,2021,10,Oct,Q4,South,Groceries,123990.87,71,36049.29,15.3,1,29.07
2021-10-01,2021,10,Oct,Q4,South,Sports,67080.56,64,22338.04,16.0,3,33.3
2021-10-01,2021,10,Oct,Q4,East,Electronics,114701.89,59,24065.96,16.6,2,20.98
2021-10-01,2021,10,Oct,Q4,East,Clothing,115468.05,68,21706.17,4.7,4,18.8
2021-10-01,2021,10,Oct,Q4,East,Furniture,64790.76,35,14364.72,8.2,1,22.17
2021-10-01,2021,10,Oct,Q4,East,Groceries,106575.9,52,24566.89,11.1,2,23.05
2021-10-01,2021,10,Oct,Q4,East,Sports,66513.99,27,20255.99,5.4,0,30.45
2021-10-01,2021,10,Oct,Q4,West,Electronics,145213.28,80,27407.9,9.9,4,18.87
2021-10-01,2021,10,Oct,Q4,West,Clothing,156851.7,74,31075.73,3.2,4,19.81
2021-10-01,2021,10,Oct,Q4,West,Furniture,98892.87,50,25110.94,5.9,3,25.39
2021-10-01,2021,10,Oct,Q4,West,Groceries,162708.32,82,36815.14,11.4,2,22.63
2021-10-01,2021,10,Oct,Q4,West,Sports,79374.21,33,16133.54,17.2,1,20.33
2021-11-01,2021,11,Nov,Q4,North,Electronics,232956.84,135,76503.21,13.7,8,32.84
2021-11-01,2021,11,Nov,Q4,North,Clothing,137030.26,69,44447.58,6.0,3,32.44
2021-11-01,2021,11,Nov,Q4,North,Furniture,100773.75,40,34312.46,2.6,2,34.05
2021-11-01,2021,11,Nov,Q4,North,Groceries,182501.07,164,50470.8,16.6,2,27.66
2021-11-01,2021,11,Nov,Q4,North,Sports,100548.56,77,33899.68,17.5,5,33.71
2021-11-01,2021,11,Nov,Q4,South,Electronics,198265.38,87,64153.4,7.1,5,32.36
2021-11-01,2021,11,Nov,Q4,South,Clothing,92888.15,51,20351.93,3.9,0,21.91
2021-11-01,2021,11,Nov,Q4,South,Furniture,89527.85,64,27145.77,3.0,2,30.32
2021-11-01,2021,11,Nov,Q4,South,Groceries,132342.55,61,30993.03,12.0,4,23.42
2021-11-01,2021,11,Nov,Q4,South,Sports,78113.34,65,14384.43,15.9,0,18.41
2021-11-01,2021,11,Nov,Q4,East,Electronics,183107.97,107,62191.07,14.8,8,33.96
2021-11-01,2021,11,Nov,Q4,East,Clothing,84847.03,40,21069.92,9.7,2,24.83
2021-11-01,2021,11,Nov,Q4,East,Furniture,78457.14,31,24369.3,8.7,1,31.06
2021-11-01,2021,11,Nov,Q4,East,Groceries,116694.98,96,23196.7,7.7,2,19.88
2021-11-01,2021,11,Nov,Q4,East,Sports,60871.29,50,11392.42,2.3,3,18.72
2021-11-01,2021,11,Nov,Q4,West,Electronics,226995.74,156,67086.33,5.5,11,29.55
2021-11-01,2021,11,Nov,Q4,West,Clothing,129315.46,135,32456.72,16.1,10,25.1
2021-11-01,2021,11,Nov,Q4,West,Furniture,98225.46,53,20469.77,17.9,1,20.84
2021-11-01,2021,11,Nov,Q4,West,Groceries,167929.6,88,47577.02,10.2,2,28.33
2021-11-01,2021,11,Nov,Q4,West,Sports,81168.27,69,17182.88,14.5,2,21.17
2021-12-01,2021,12,Dec,Q4,North,Electronics,225258.33,92,74390.12,16.8,7,33.02
2021-12-01,2021,12,Dec,Q4,North,Clothing,121669.0,82,37583.62,13.1,1,30.89
2021-12-01,2021,12,Dec,Q4,North,Furniture,116186.39,98,25334.33,10.6,5,21.8
2021-12-01,2021,12,Dec,Q4,North,Groceries,168782.95,176,55558.0,6.2,3,32.92
2021-12-01,2021,12,Dec,Q4,North,Sports,104956.76,43,34274.86,15.0,2,32.66
2021-12-01,2021,12,Dec,Q4,South,Electronics,201935.05,213,50370.08,8.0,6,24.94
2021-12-01,2021,12,Dec,Q4,South,Clothing,110103.38,67,21335.6,5.5,3,19.38
2021-12-01,2021,12,Dec,Q4,South,Furniture,76802.21,34,20289.22,9.7,1,26.42
2021-12-01,2021,12,Dec,Q4,South,Groceries,141315.76,101,41725.28,11.1,2,29.53
2021-12-01,2021,12,Dec,Q4,South,Sports,82906.21,38,24203.37,15.6,2,29.19
2021-12-01,2021,12,Dec,Q4,East,Electronics,176401.2,79,52668.13,12.9,4,29.86
2021-12-01,2021,12,Dec,Q4,East,Clothing,93337.38,87,30777.82,15.9,1,32.97
2021-12-01,2021,12,Dec,Q4,East,Furniture,77630.11,76,18396.02,13.9,1,23.7
2021-12-01,2021,12,Dec,Q4,East,Groceries,118824.85,53,31639.44,2.1,1,26.63
2021-12-01,2021,12,Dec,Q4,East,Sports,65796.0,26,18910.32,6.2,1,28.74
2021-12-01,2021,12,Dec,Q4,West,Electronics,233216.79,109,46220.47,14.2,5,19.82
2021-12-01,2021,12,Dec,Q4,West,Clothing,134445.29,97,38659.17,16.9,1,28.75
2021-12-01,2021,12,Dec,Q4,West,Furniture,109388.55,55,20951.44,6.8,3,19.15
2021-12-01,2021,12,Dec,Q4,West,Groceries,136037.72,76,32485.82,11.9,1,23.88
2021-12-01,2021,12,Dec,Q4,West,Sports,95846.86,39,33039.3,14.0,0,34.47
2022-01-01,2022,1,Jan,Q1,North,Electronics,192686.23,228,35408.21,7.2,10,18.38
2022-01-01,2022,1,Jan,Q1,North,Clothing,151811.83,77,38833.99,6.4,6,25.58
2022-01-01,2022,1,Jan,Q1,North,Furniture,114573.55,73,23810.22,14.7,4,20.78
2022-01-01,2022,1,Jan,Q1,North,Groceries,145097.78,154,42903.22,12.5,4,29.57
2022-01-01,2022,1,Jan,Q1,North,Sports,114898.93,108,29126.52,17.1,4,25.35
2022-01-01,2022,1,Jan,Q1,South,Electronics,148415.49,100,33633.41,17.7,3,22.66
2022-01-01,2022,1,Jan,Q1,South,Clothing,123534.73,103,26711.64,2.5,5,21.62
2022-01-01,2022,1,Jan,Q1,South,Furniture,89426.33,39,23290.7,17.5,0,26.04
2022-01-01,2022,1,Jan,Q1,South,Groceries,134012.37,63,41685.45,15.5,3,31.11
2022-01-01,2022,1,Jan,Q1,South,Sports,84566.44,82,15689.57,16.7,4,18.55
2022-01-01,2022,1,Jan,Q1,East,Electronics,129568.6,80,25906.26,4.0,4,19.99
2022-01-01,2022,1,Jan,Q1,East,Clothing,93450.31,81,24630.8,3.0,4,26.36
2022-01-01,2022,1,Jan,Q1,East,Furniture,73448.86,34,17096.07,9.3,0,23.28
2022-01-01,2022,1,Jan,Q1,East,Groceries,93041.11,63,24338.59,11.6,1,26.16
2022-01-01,2022,1,Jan,Q1,East,Sports,72354.52,31,22616.19,2.6,1,31.26
2022-01-01,2022,1,Jan,Q1,West,Electronics,150550.08,124,52351.18,4.3,5,34.77
2022-01-01,2022,1,Jan,Q1,West,Clothing,134385.74,67,36974.93,2.2,2,27.51
2022-01-01,2022,1,Jan,Q1,West,Furniture,107374.49,113,25727.64,2.5,1,23.96
2022-01-01,2022,1,Jan,Q1,West,Groceries,139033.29,135,38440.19,13.0,8,27.65
2022-01-01,2022,1,Jan,Q1,West,Sports,88200.55,81,17444.0,12.2,4,19.78
2022-02-01,2022,2,Feb,Q1,North,Electronics,161042.64,67,30410.51,10.7,3,18.88
2022-02-01,2022,2,Feb,Q1,North,Clothing,155252.49,77,49105.39,7.4,5,31.63
2022-02-01,2022,2,Feb,Q1,North,Furniture,104885.9,45,28643.37,15.1,1,27.31
2022-02-01,2022,2,Feb,Q1,North,Groceries,160879.01,94,48966.78,3.3,1,30.44
2022-02-01,2022,2,Feb,Q1,North,Sports,97387.12,90,31962.76,5.5,7,32.82
2022-02-01,2022,2,Feb,Q1,South,Electronics,138017.21,124,43371.74,12.5,5,31.42
2022-02-01,2022,2,Feb,Q1,South,Clothing,114359.6,56,25026.15,17.9,4,21.88
2022-02-01,2022,2,Feb,Q1,South,Furniture,95671.46,83,28284.2,3.2,1,29.56
2022-02-01,2022,2,Feb,Q1,South,Groceries,115959.82,73,37989.17,13.6,4,32.76
2022-02-01,2022,2,Feb,Q1,South,Sports,80612.28,58,19594.96,17.8,0,24.31
2022-02-01,2022,2,Feb,Q1,East,Electronics,131615.07,73,33504.54,13.6,3,25.46
2022-02-01,2022,2,Feb,Q1,East,Clothing,103557.63,44,26064.69,6.4,2,25.17
2022-02-01,2022,2,Feb,Q1,East,Furniture,85455.69,73,24432.15,12.1,4,28.59
2022-02-01,2022,2,Feb,Q1,East,Groceries,94512.23,46,31617.7,4.9,1,33.45
2022-02-01,2022,2,Feb,Q1,East,Sports,76939.88,69,25024.35,9.9,1,32.52
2022-02-01,2022,2,Feb,Q1,West,Electronics,181119.15,116,48452.8,7.7,5,26.75
2022-02-01,2022,2,Feb,Q1,West,Clothing,120127.03,82,41419.81,6.1,4,34.48
2022-02-01,2022,2,Feb,Q1,West,Furniture,102434.24,48,20717.17,17.5,2,20.22
2022-02-01,2022,2,Feb,Q1,West,Groceries,133529.12,144,27888.74,10.3,4,20.89
2022-02-01,2022,2,Feb,Q1,West,Sports,102541.7,66,22793.11,11.9,3,22.23
2022-03-01,2022,3,Mar,Q1,North,Electronics,166941.14,153,31090.14,13.8,8,18.62
2022-03-01,2022,3,Mar,Q1,North,Clothing,191284.21,85,60630.2,11.4,6,31.7
2022-03-01,2022,3,Mar,Q1,North,Furniture,108405.44,109,24484.17,2.9,5,22.59
2022-03-01,2022,3,Mar,Q1,North,Groceries,171816.22,198,34493.6,9.2,14,20.08
2022-03-01,2022,3,Mar,Q1,North,Sports,99105.38,59,18539.38,4.4,4,18.71
2022-03-01,2022,3,Mar,Q1,South,Electronics,159674.32,197,54577.96,12.2,13,34.18
2022-03-01,2022,3,Mar,Q1,South,Clothing,150705.99,89,39651.34,12.7,1,26.31
2022-03-01,2022,3,Mar,Q1,South,Furniture,81923.46,61,24560.3,5.2,3,29.98
2022-03-01,2022,3,Mar,Q1,South,Groceries,137005.34,142,40326.47,9.1,10,29.43
2022-03-01,2022,3,Mar,Q1,South,Sports,75720.11,38,24418.19,17.1,2,32.25
2022-03-01,2022,3,Mar,Q1,East,Electronics,120877.98,65,39613.39,11.1,0,32.77
2022-03-01,2022,3,Mar,Q1,East,Clothing,141574.19,71,41765.41,5.5,3,29.5
2022-03-01,2022,3,Mar,Q1,East,Furniture,75779.26,39,15013.45,12.5,3,19.81
2022-03-01,2022,3,Mar,Q1,East,Groceries,92438.07,37,23033.2,15.9,2,24.92
2022-03-01,2022,3,Mar,Q1,East,Sports,70231.72,34,23130.65,8.5,1,32.93
2022-03-01,2022,3,Mar,Q1,West,Electronics,173009.79,79,53561.84,14.8,3,30.96
2022-03-01,2022,3,Mar,Q1,West,Clothing,189875.2,189,51752.98,2.1,6,27.26
2022-03-01,2022,3,Mar,Q1,West,Furniture,103493.3,70,30864.75,8.2,2,29.82
2022-03-01,2022,3,Mar,Q1,West,Groceries,133580.23,93,29205.43,3.2,4,21.86
2022-03-01,2022,3,Mar,Q1,West,Sports,98876.87,53,25588.74,8.1,3,25.88
2022-04-01,2022,4,Apr,Q2,North,Electronics,182270.93,112,33603.31,7.5,4,18.44
2022-04-01,2022,4,Apr,Q2,North,Clothing,139098.28,77,37655.63,11.7,4,27.07
2022-04-01,2022,4,Apr,Q2,North,Furniture,125401.6,62,42942.4,2.3,1,34.24
2022-04-01,2022,4,Apr,Q2,North,Groceries,137139.88,72,45621.67,5.9,5,33.27
2022-04-01,2022,4,Apr,Q2,North,Sports,92738.05,38,22236.34,3.6,1,23.98
2022-04-01,2022,4,Apr,Q2,South,Electronics,135255.21,105,31411.58,14.8,5,23.22
2022-04-01,2022,4,Apr,Q2,South,Clothing,107749.0,58,32512.79,6.4,2,30.17
2022-04-01,2022,4,Apr,Q2,South,Furniture,83960.39,75,24834.65,4.9,3,29.58
2022-04-01,2022,4,Apr,Q2,South,Groceries,129297.07,131,35743.28,6.1,10,27.64
2022-04-01,2022,4,Apr,Q2,South,Sports,81755.86,37,22363.38,2.7,2,27.35
2022-04-01,2022,4,Apr,Q2,East,Electronics,134064.42,73,42801.69,16.1,1,31.93
2022-04-01,2022,4,Apr,Q2,East,Clothing,88471.86,48,22106.89,15.4,3,24.99
2022-04-01,2022,4,Apr,Q2,East,Furniture,75024.49,62,23459.36,6.4,4,31.27
2022-04-01,2022,4,Apr,Q2,East,Groceries,101782.36,52,19973.87,12.0,2,19.62
2022-04-01,2022,4,Apr,Q2,East,Sports,70556.73,64,21538.75,15.8,1,30.53
2022-04-01,2022,4,Apr,Q2,West,Electronics,150182.22,178,43422.96,11.7,8,28.91
2022-04-01,2022,4,Apr,Q2,West,Clothing,122273.0,83,34366.17,9.9,6,28.11
2022-04-01,2022,4,Apr,Q2,West,Furniture,97590.75,49,24274.16,8.9,2,24.87
2022-04-01,2022,4,Apr,Q2,West,Groceries,149144.09,60,30101.31,3.7,3,20.18
2022-04-01,2022,4,Apr,Q2,West,Sports,96827.97,76,18736.34,3.4,5,19.35
2022-05-01,2022,5,May,Q2,North,Electronics,168022.18,124,36718.15,7.7,1,21.85
2022-05-01,2022,5,May,Q2,North,Clothing,143212.12,156,45263.71,5.7,7,31.61
2022-05-01,2022,5,May,Q2,North,Furniture,127279.78,66,34442.27,7.2,2,27.06
2022-05-01,2022,5,May,Q2,North,Groceries,161846.07,64,47342.02,10.9,3,29.25
2022-05-01,2022,5,May,Q2,North,Sports,102814.2,113,28334.61,17.3,2,27.56
2022-05-01,2022,5,May,Q2,South,Electronics,150190.15,131,40715.15,3.5,5,27.11
2022-05-01,2022,5,May,Q2,South,Clothing,119798.54,86,35105.17,14.7,6,29.3
2022-05-01,2022,5,May,Q2,South,Furniture,86459.24,58,17802.89,17.9,4,20.59
2022-05-01,2022,5,May,Q2,South,Groceries,124300.69,55,33382.55,12.0,0,26.86
2022-05-01,2022,5,May,Q2,South,Sports,87108.62,85,27912.35,14.5,5,32.04
2022-05-01,2022,5,May,Q2,East,Electronics,107494.55,81,24157.16,7.8,1,22.47
2022-05-01,2022,5,May,Q2,East,Clothing,105006.83,60,24355.19,8.4,2,23.19
2022-05-01,2022,5,May,Q2,East,Furniture,79637.33,47,26781.77,10.0,3,33.63
2022-05-01,2022,5,May,Q2,East,Groceries,112424.58,97,38022.13,3.9,6,33.82
2022-05-01,2022,5,May,Q2,East,Sports,67139.68,29,21992.92,14.9,1,32.76
2022-05-01,2022,5,May,Q2,West,Electronics,158523.42,169,39394.12,4.8,9,24.85
2022-05-01,2022,5,May,Q2,West,Clothing,125853.19,51,36367.2,15.2,0,28.9
2022-05-01,2022,5,May,Q2,West,Furniture,116209.58,49,30539.94,11.7,3,26.28
2022-05-01,2022,5,May,Q2,West,Groceries,131434.8,79,32565.96,4.3,2,24.78
2022-05-01,2022,5,May,Q2,West,Sports,85190.18,100,17291.76,17.4,4,20.3
2022-06-01,2022,6,Jun,Q2,North,Electronics,201724.51,131,47003.57,10.1,5,23.3
2022-06-01,2022,6,Jun,Q2,North,Clothing,129068.05,68,27972.47,11.9,3,21.67
2022-06-01,2022,6,Jun,Q2,North,Furniture,106898.92,118,33430.44,9.4,1,31.27
2022-06-01,2022,6,Jun,Q2,North,Groceries,173990.79,193,51876.39,17.7,5,29.82
2022-06-01,2022,6,Jun,Q2,North,Sports,132689.23,131,30725.09,3.6,7,23.16
2022-06-01,2022,6,Jun,Q2,South,Electronics,128550.62,77,44920.53,15.0,4,34.94
2022-06-01,2022,6,Jun,Q2,South,Clothing,107612.11,57,29011.91,8.8,1,26.96
2022-06-01,2022,6,Jun,Q2,South,Furniture,100907.77,64,21502.02,7.9,2,21.31
2022-06-01,2022,6,Jun,Q2,South,Groceries,132798.35,64,41271.32,2.2,2,31.08
2022-06-01,2022,6,Jun,Q2,South,Sports,114397.49,137,25644.29,14.2,2,22.42
2022-06-01,2022,6,Jun,Q2,East,Electronics,121985.07,104,22208.67,5.9,8,18.21
2022-06-01,2022,6,Jun,Q2,East,Clothing,101917.94,41,26797.81,3.8,1,26.29
2022-06-01,2022,6,Jun,Q2,East,Furniture,76908.57,34,15125.92,9.8,0,19.67
2022-06-01,2022,6,Jun,Q2,East,Groceries,99317.38,48,25914.2,8.0,1,26.09
2022-06-01,2022,6,Jun,Q2,East,Sports,95826.18,44,31781.17,17.3,2,33.17
2022-06-01,2022,6,Jun,Q2,West,Electronics,158951.63,80,40436.11,6.1,5,25.44
2022-06-01,2022,6,Jun,Q2,West,Clothing,116203.57,49,30032.95,12.2,2,25.85
2022-06-01,2022,6,Jun,Q2,West,Furniture,117059.04,62,33287.93,3.1,2,28.44
2022-06-01,2022,6,Jun,Q2,West,Groceries,130590.74,63,34877.88,12.9,0,26.71
2022-06-01,2022,6,Jun,Q2,West,Sports,119796.98,59,23031.49,3.1,0,19.23
2022-07-01,2022,7,Jul,Q3,North,Electronics,201318.63,98,48327.09,6.7,3,24.01
2022-07-01,2022,7,Jul,Q3,North,Clothing,151957.11,78,32136.38,4.8,1,21.15
2022-07-01,2022,7,Jul,Q3,North,Furniture,121127.45,57,27260.69,2.3,0,22.51
2022-07-01,2022,7,Jul,Q3,North,Groceries,172982.78,132,53757.5,12.0,4,31.08
2022-07-01,2022,7,Jul,Q3,North,Sports,134899.18,134,38385.86,14.4,7,28.46
2022-07-01,2022,7,Jul,Q3,South,Electronics,144684.62,166,49864.56,14.8,5,34.46
2022-07-01,2022,7,Jul,Q3,South,Clothing,125860.67,69,35116.62,14.0,4,27.9
2022-07-01,2022,7,Jul,Q3,South,Furniture,95807.82,94,22754.88,16.8,2,23.75
2022-07-01,2022,7,Jul,Q3,South,Groceries,119342.69,77,30396.45,11.8,5,25.47
2022-07-01,2022,7,Jul,Q3,South,Sports,107760.6,107,23014.43,16.2,5,21.36
2022-07-01,2022,7,Jul,Q3,East,Electronics,114744.79,52,37456.47,15.5,3,32.64
2022-07-01,2022,7,Jul,Q3,East,Clothing,89388.72,42,23088.36,15.5,2,25.83
2022-07-01,2022,7,Jul,Q3,East,Furniture,82919.17,43,17426.53,10.7,3,21.02
2022-07-01,2022,7,Jul,Q3,East,Groceries,114563.61,131,23831.35,4.1,7,20.8
2022-07-01,2022,7,Jul,Q3,East,Sports,104148.35,89,27702.94,15.5,5,26.6
2022-07-01,2022,7,Jul,Q3,West,Electronics,168005.97,93,44760.37,6.8,4,26.64
2022-07-01,2022,7,Jul,Q3,West,Clothing,136604.05,59,39365.12,14.2,1,28.82
2022-07-01,2022,7,Jul,Q3,West,Furniture,105933.53,129,23510.4,13.6,10,22.19
2022-07-01,2022,7,Jul,Q3,West,Groceries,128846.12,86,40716.93,5.3,4,31.6
2022-07-01,2022,7,Jul,Q3,West,Sports,140498.77,76,29780.71,7.7,4,21.2
2022-08-01,2022,8,Aug,Q3,North,Electronics,183801.33,227,56862.33,2.6,14,30.94
2022-08-01,2022,8,Aug,Q3,North,Clothing,132380.55,54,32108.89,7.2,1,24.25
2022-08-01,2022,8,Aug,Q3,North,Furniture,111198.16,48,38850.06,7.9,1,34.94
2022-08-01,2022,8,Aug,Q3,North,Groceries,163808.75,71,46000.37,8.3,2,28.08
2022-08-01,2022,8,Aug,Q3,North,Sports,151966.65,188,43360.67,7.7,12,28.53
2022-08-01,2022,8,Aug,Q3,South,Electronics,129608.92,72,33927.13,12.3,1,26.18
2022-08-01,2022,8,Aug,Q3,South,Clothing,115026.47,65,31668.19,11.7,3,27.53
2022-08-01,2022,8,Aug,Q3,South,Furniture,99099.04,78,31737.3,10.0,1,32.03
2022-08-01,2022,8,Aug,Q3,South,Groceries,110075.71,80,34501.3,13.3,5,31.34
2022-08-01,2022,8,Aug,Q3,South,Sports,115388.26,74,23662.32,7.3,2,20.51
2022-08-01,2022,8,Aug,Q3,East,Electronics,109016.91,92,30709.88,13.8,7,28.17
2022-08-01,2022,8,Aug,Q3,East,Clothing,104919.14,55,26398.93,12.2,3,25.16
2022-08-01,2022,8,Aug,Q3,East,Furniture,70637.24,47,22799.33,8.1,2,32.28
2022-08-01,2022,8,Aug,Q3,East,Groceries,105863.98,95,25574.62,7.4,1,24.16
2022-08-01,2022,8,Aug,Q3,East,Sports,85717.68,38,19408.37,10.3,1,22.64
2022-08-01,2022,8,Aug,Q3,West,Electronics,183910.51,148,46537.02,16.0,10,25.3
2022-08-01,2022,8,Aug,Q3,West,Clothing,120835.14,55,31162.39,9.7,1,25.79
2022-08-01,2022,8,Aug,Q3,West,Furniture,96157.9,47,25423.99,9.0,2,26.44
2022-08-01,2022,8,Aug,Q3,West,Groceries,151644.36,141,43027.31,4.2,8,28.37
2022-08-01,2022,8,Aug,Q3,West,Sports,138068.12,56,26470.81,2.9,1,19.17
2022-09-01,2022,9,Sep,Q3,North,Electronics,171063.33,140,57145.98,6.0,4,33.41
2022-09-01,2022,9,Sep,Q3,North,Clothing,151435.16,96,47253.95,3.0,4,31.2
2022-09-01,2022,9,Sep,Q3,North,Furniture,103584.17,114,34606.89,4.2,5,33.41
2022-09-01,2022,9,Sep,Q3,North,Groceries,152201.66,109,50678.84,2.3,6,33.3
2022-09-01,2022,9,Sep,Q3,North,Sports,115210.74,65,39086.37,2.8,2,33.93
2022-09-01,2022,9,Sep,Q3,South,Electronics,135371.78,66,46949.71,6.1,3,34.68
2022-09-01,2022,9,Sep,Q3,South,Clothing,104682.55,59,27099.02,17.6,3,25.89
2022-09-01,2022,9,Sep,Q3,South,Furniture,89004.82,89,18309.36,5.6,2,20.57
2022-09-01,2022,9,Sep,Q3,South,Groceries,133480.28,76,35903.05,3.8,5,26.9
2022-09-01,2022,9,Sep,Q3,South,Sports,86469.26,94,25969.48,10.7,1,30.03
2022-09-01,2022,9,Sep,Q3,East,Electronics,119749.45,73,24929.64,17.1,5,20.82
2022-09-01,2022,9,Sep,Q3,East,Clothing,98895.33,62,24723.85,12.4,2,25.0
2022-09-01,2022,9,Sep,Q3,East,Furniture,69590.97,41,22066.5,9.3,0,31.71
2022-09-01,2022,9,Sep,Q3,East,Groceries,110803.52,96,24816.17,4.6,3,22.4
2022-09-01,2022,9,Sep,Q3,East,Sports,73379.2,43,15764.04,16.0,3,21.48
2022-09-01,2022,9,Sep,Q3,West,Electronics,181112.3,150,46493.46,17.8,9,25.67
2022-09-01,2022,9,Sep,Q3,West,Clothing,115850.46,127,29990.01,16.5,6,25.89
2022-09-01,2022,9,Sep,Q3,West,Furniture,106863.87,109,31167.13,15.2,3,29.17
2022-09-01,2022,9,Sep,Q3,West,Groceries,151989.89,62,32623.16,10.4,1,21.46
2022-09-01,2022,9,Sep,Q3,West,Sports,101719.89,57,29283.02,14.8,2,28.79
2022-10-01,2022,10,Oct,Q4,North,Electronics,199515.35,116,41270.21,13.1,7,20.69
2022-10-01,2022,10,Oct,Q4,North,Clothing,183992.32,81,61461.6,6.4,6,33.4
2022-10-01,2022,10,Oct,Q4,North,Furniture,106582.22,93,22522.77,16.3,5,21.13
2022-10-01,2022,10,Oct,Q4,North,Groceries,163915.09,105,46650.34,3.3,7,28.46
2022-10-01,2022,10,Oct,Q4,North,Sports,111234.63,67,38310.49,8.7,5,34.44
2022-10-01,2022,10,Oct,Q4,South,Electronics,149428.81,79,31112.92,16.1,3,20.82
2022-10-01,2022,10,Oct,Q4,South,Clothing,140010.01,170,38524.94,10.4,10,27.52
2022-10-01,2022,10,Oct,Q4,South,Furniture,100988.74,108,30736.37,5.0,7,30.44
2022-10-01,2022,10,Oct,Q4,South,Groceries,152430.14,88,45842.03,7.0,3,30.07
2022-10-01,2022,10,Oct,Q4,South,Sports,88415.99,55,21292.84,9.9,3,24.08
2022-10-01,2022,10,Oct,Q4,East,Electronics,116176.02,106,34973.91,15.2,1,30.1
2022-10-01,2022,10,Oct,Q4,East,Clothing,120293.95,115,28768.3,9.2,7,23.92
2022-10-01,2022,10,Oct,Q4,East,Furniture,80580.78,43,19331.63,15.5,1,23.99
2022-10-01,2022,10,Oct,Q4,East,Groceries,132941.91,70,26783.14,12.8,2,20.15
2022-10-01,2022,10,Oct,Q4,East,Sports,72210.94,78,15144.79,15.7,2,20.97
2022-10-01,2022,10,Oct,Q4,West,Electronics,179773.6,141,52006.69,13.1,6,28.93
2022-10-01,2022,10,Oct,Q4,West,Clothing,168174.79,144,31220.34,6.9,8,18.56
2022-10-01,2022,10,Oct,Q4,West,Furniture,118167.25,51,36659.15,14.6,2,31.02
2022-10-01,2022,10,Oct,Q4,West,Groceries,154512.11,65,45430.35,11.0,1,29.4
2022-10-01,2022,10,Oct,Q4,West,Sports,93832.36,59,30680.91,10.7,2,32.7
2022-11-01,2022,11,Nov,Q4,North,Electronics,303303.83,306,76381.99,2.7,18,25.18
2022-11-01,2022,11,Nov,Q4,North,Clothing,156864.24,122,51124.89,6.7,8,32.59
2022-11-01,2022,11,Nov,Q4,North,Furniture,123749.31,57,22653.69,17.4,3,18.31
2022-11-01,2022,11,Nov,Q4,North,Groceries,170467.23,77,38842.42,16.0,1,22.79
2022-11-01,2022,11,Nov,Q4,North,Sports,108748.36,63,21359.36,5.9,0,19.64
2022-11-01,2022,11,Nov,Q4,South,Electronics,213844.98,162,60244.57,6.8,5,28.17
2022-11-01,2022,11,Nov,Q4,South,Clothing,119447.23,135,39834.71,15.6,7,33.35
2022-11-01,2022,11,Nov,Q4,South,Furniture,94405.94,40,19967.43,3.3,1,21.15
2022-11-01,2022,11,Nov,Q4,South,Groceries,151598.1,176,42307.57,17.9,12,27.91
2022-11-01,2022,11,Nov,Q4,South,Sports,82502.46,90,26510.8,11.6,1,32.13
2022-11-01,2022,11,Nov,Q4,East,Electronics,163754.27,69,48105.12,15.3,4,29.38
2022-11-01,2022,11,Nov,Q4,East,Clothing,96677.1,57,24476.0,7.1,2,25.32
2022-11-01,2022,11,Nov,Q4,East,Furniture,82871.25,45,27490.79,9.1,2,33.17
2022-11-01,2022,11,Nov,Q4,East,Groceries,122989.45,68,36828.91,5.8,3,29.94
2022-11-01,2022,11,Nov,Q4,East,Sports,62554.56,43,16445.81,12.4,3,26.29
2022-11-01,2022,11,Nov,Q4,West,Electronics,255506.5,123,67981.4,12.1,1,26.61
2022-11-01,2022,11,Nov,Q4,West,Clothing,122976.93,86,32013.83,2.7,1,26.03
2022-11-01,2022,11,Nov,Q4,West,Furniture,101192.88,41,23914.81,9.7,0,23.63
2022-11-01,2022,11,Nov,Q4,West,Groceries,168302.81,131,36216.87,10.3,1,21.52
2022-11-01,2022,11,Nov,Q4,West,Sports,83810.01,71,15609.0,3.7,2,18.62
2022-12-01,2022,12,Dec,Q4,North,Electronics,291924.41,164,77988.63,6.7,12,26.72
2022-12-01,2022,12,Dec,Q4,North,Clothing,139036.43,146,39611.66,3.8,4,28.49
2022-12-01,2022,12,Dec,Q4,North,Furniture,116847.49,51,30836.39,13.2,4,26.39
2022-12-01,2022,12,Dec,Q4,North,Groceries,163030.22,128,40281.17,8.7,4,24.71
2022-12-01,2022,12,Dec,Q4,North,Sports,113822.67,56,32250.96,6.9,3,28.33
2022-12-01,2022,12,Dec,Q4,South,Electronics,238991.36,108,43082.03,12.2,1,18.03
2022-12-01,2022,12,Dec,Q4,South,Clothing,106294.45,117,30043.62,13.0,2,28.26
2022-12-01,2022,12,Dec,Q4,South,Furniture,89765.68,56,21789.63,3.9,2,24.27
2022-12-01,2022,12,Dec,Q4,South,Groceries,150123.31,163,29068.47,7.7,12,19.36
2022-12-01,2022,12,Dec,Q4,South,Sports,85400.75,43,20626.53,11.5,0,24.15
2022-12-01,2022,12,Dec,Q4,East,Electronics,187366.38,79,53237.81,16.0,4,28.41
2022-12-01,2022,12,Dec,Q4,East,Clothing,86385.09,37,16525.07,10.5,0,19.13
2022-12-01,2022,12,Dec,Q4,East,Furniture,68647.27,45,15799.65,9.8,2,23.02
2022-12-01,2022,12,Dec,Q4,East,Groceries,106175.78,105,29195.07,7.5,6,27.5
2022-12-01,2022,12,Dec,Q4,East,Sports,71646.34,32,21330.82,8.9,1,29.77
2022-12-01,2022,12,Dec,Q4,West,Electronics,236030.9,178,74143.79,9.1,11,31.41
2022-12-01,2022,12,Dec,Q4,West,Clothing,140792.2,62,47281.96,8.9,2,33.58
2022-12-01,2022,12,Dec,Q4,West,Furniture,109029.29,76,30766.17,13.3,4,28.22
2022-12-01,2022,12,Dec,Q4,West,Groceries,159008.09,146,40259.26,4.3,10,25.32
2022-12-01,2022,12,Dec,Q4,West,Sports,91524.53,86,16870.36,12.3,4,18.43
2023-01-01,2023,1,Jan,Q1,North,Electronics,187424.87,203,46788.16,7.0,11,24.96
2023-01-01,2023,1,Jan,Q1,North,Clothing,157007.26,110,34077.13,17.8,4,21.7
2023-01-01,2023,1,Jan,Q1,North,Furniture,130940.88,126,34378.56,2.4,5,26.26
2023-01-01,2023,1,Jan,Q1,North,Groceries,185642.27,127,34646.29,2.5,4,18.66
2023-01-01,2023,1,Jan,Q1,North,Sports,102273.69,121,31557.19,9.3,3,30.86
2023-01-01,2023,1,Jan,Q1,South,Electronics,169093.96,169,57915.73,7.0,12,34.25
2023-01-01,2023,1,Jan,Q1,South,Clothing,124214.9,56,43137.63,6.6,4,34.73
2023-01-01,2023,1,Jan,Q1,South,Furniture,96549.32,66,22965.78,10.7,1,23.79
2023-01-01,2023,1,Jan,Q1,South,Groceries,133944.67,77,41459.0,15.3,3,30.95
2023-01-01,2023,1,Jan,Q1,South,Sports,83977.69,67,17894.47,2.9,2,21.31
2023-01-01,2023,1,Jan,Q1,East,Electronics,122756.14,50,33734.68,7.6,2,27.48
2023-01-01,2023,1,Jan,Q1,East,Clothing,93240.61,59,26709.69,9.8,2,28.65
2023-01-01,2023,1,Jan,Q1,East,Furniture,93419.09,40,26715.9,11.1,2,28.6
2023-01-01,2023,1,Jan,Q1,East,Groceries,103377.15,70,19301.35,9.6,3,18.67
2023-01-01,2023,1,Jan,Q1,East,Sports,69389.15,28,23218.12,13.6,1,33.46
2023-01-01,2023,1,Jan,Q1,West,Electronics,194501.91,190,61148.81,4.0,12,31.44
2023-01-01,2023,1,Jan,Q1,West,Clothing,132806.42,57,45218.88,4.4,2,34.05
2023-01-01,2023,1,Jan,Q1,West,Furniture,128096.78,78,41862.42,11.4,2,32.68
2023-01-01,2023,1,Jan,Q1,West,Groceries,145247.8,126,44955.02,8.2,5,30.95
2023-01-01,2023,1,Jan,Q1,West,Sports,101891.98,57,33333.77,17.7,2,32.71
2023-02-01,2023,2,Feb,Q1,North,Electronics,210198.45,100,58330.05,17.3,2,27.75
2023-02-01,2023,2,Feb,Q1,North,Clothing,138760.93,61,35336.23,15.6,4,25.47
2023-02-01,2023,2,Feb,Q1,North,Furniture,112124.32,48,28727.85,10.2,2,25.62
2023-02-01,2023,2,Feb,Q1,North,Groceries,184133.51,221,48070.52,13.0,13,26.11
2023-02-01,2023,2,Feb,Q1,North,Sports,116505.7,113,26900.85,7.7,7,23.09
2023-02-01,2023,2,Feb,Q1,South,Electronics,146088.1,126,50074.06,2.1,10,34.28
2023-02-01,2023,2,Feb,Q1,South,Clothing,126364.23,57,29074.55,2.2,3,23.01
2023-02-01,2023,2,Feb,Q1,South,Furniture,107133.71,52,21885.76,14.1,3,20.43
2023-02-01,2023,2,Feb,Q1,South,Groceries,137271.7,65,44449.49,11.8,1,32.38
2023-02-01,2023,2,Feb,Q1,South,Sports,87898.22,94,21911.47,8.5,1,24.93
2023-02-01,2023,2,Feb,Q1,East,Electronics,125206.1,126,39740.42,17.2,1,31.74
2023-02-01,2023,2,Feb,Q1,East,Clothing,113229.96,67,26147.76,3.2,3,23.09
2023-02-01,2023,2,Feb,Q1,East,Furniture,89423.51,44,16859.77,3.2,1,18.85
2023-02-01,2023,2,Feb,Q1,East,Groceries,105888.85,88,24118.38,14.9,6,22.78
2023-02-01,2023,2,Feb,Q1,East,Sports,72549.16,30,17023.97,9.6,0,23.47
2023-02-01,2023,2,Feb,Q1,West,Electronics,184662.71,74,52184.54,7.7,4,28.26
2023-02-01,2023,2,Feb,Q1,West,Clothing,127657.56,55,33896.18,9.2,2,26.55
2023-02-01,2023,2,Feb,Q1,West,Furniture,118279.24,128,35015.97,5.9,7,29.6
2023-02-01,2023,2,Feb,Q1,West,Groceries,164972.77,76,45190.19,10.3,1,27.39
2023-02-01,2023,2,Feb,Q1,West,Sports,108825.76,86,28777.69,6.5,1,26.44
2023-03-01,2023,3,Mar,Q1,North,Electronics,200939.57,225,61742.64,7.1,2,30.73
2023-03-01,2023,3,Mar,Q1,North,Clothing,207264.13,235,47038.35,13.3,3,22.69
2023-03-01,2023,3,Mar,Q1,North,Furniture,135482.96,167,30071.81,13.9,5,22.2
2023-03-01,2023,3,Mar,Q1,North,Groceries,151080.03,106,34139.08,15.5,3,22.6
2023-03-01,2023,3,Mar,Q1,North,Sports,119082.12,51,30216.97,16.6,1,25.37
2023-03-01,2023,3,Mar,Q1,South,Electronics,171463.52,180,50889.22,9.9,6,29.68
2023-03-01,2023,3,Mar,Q1,South,Clothing,168859.3,84,30519.93,4.7,5,18.07
2023-03-01,2023,3,Mar,Q1,South,Furniture,103140.51,42,31909.24,17.2,2,30.94
2023-03-01,2023,3,Mar,Q1,South,Groceries,125830.66,128,39373.68,12.3,1,31.29
2023-03-01,2023,3,Mar,Q1,South,Sports,85198.89,35,22583.52,8.9,1,26.51
2023-03-01,2023,3,Mar,Q1,East,Electronics,120842.73,84,29348.86,2.8,5,24.29
2023-03-01,2023,3,Mar,Q1,East,Clothing,135046.47,61,43830.57,5.4,3,32.46
2023-03-01,2023,3,Mar,Q1,East,Furniture,82964.39,36,17976.39,12.8,1,21.67
2023-03-01,2023,3,Mar,Q1,East,Groceries,105889.15,102,30790.31,13.8,3,29.08
2023-03-01,2023,3,Mar,Q1,East,Sports,76820.57,52,23141.83,5.2,3,30.12
2023-03-01,2023,3,Mar,Q1,West,Electronics,169525.48,118,32188.76,3.8,5,18.99
2023-03-01,2023,3,Mar,Q1,West,Clothing,178916.9,80,32651.95,8.1,2,18.25
2023-03-01,2023,3,Mar,Q1,West,Furniture,101591.9,100,25430.41,9.9,3,25.03
2023-03-01,2023,3,Mar,Q1,West,Groceries,154256.92,85,28026.49,9.4,6,18.17
2023-03-01,2023,3,Mar,Q1,West,Sports,102546.28,52,23895.01,14.4,3,23.3
2023-04-01,2023,4,Apr,Q2,North,Electronics,195876.04,79,39438.37,2.3,5,20.13
2023-04-01,2023,4,Apr,Q2,North,Clothing,164407.6,163,37016.22,2.3,4,22.51
2023-04-01,2023,4,Apr,Q2,North,Furniture,133492.61,79,31928.26,7.9,0,23.92
2023-04-01,2023,4,Apr,Q2,North,Groceries,159014.08,83,54957.34,15.6,0,34.56
2023-04-01,2023,4,Apr,Q2,North,Sports,122012.09,57,38148.78,9.3,2,31.27
2023-04-01,2023,4,Apr,Q2,South,Electronics,146982.52,161,32159.78,5.9,7,21.88
2023-04-01,2023,4,Apr,Q2,South,Clothing,128418.85,79,24378.21,17.3,6,18.98
2023-04-01,2023,4,Apr,Q2,South,Furniture,105968.42,42,28882.97,17.4,0,27.26
2023-04-01,2023,4,Apr,Q2,South,Groceries,127977.03,108,27296.43,4.3,5,21.33
2023-04-01,2023,4,Apr,Q2,South,Sports,94112.32,52,19291.49,15.0,2,20.5
2023-04-01,2023,4,Apr,Q2,East,Electronics,126432.92,64,28344.22,7.5,4,22.42
2023-04-01,2023,4,Apr,Q2,East,Clothing,96947.53,60,32121.04,13.3,0,33.13
2023-04-01,2023,4,Apr,Q2,East,Furniture,76450.26,93,21960.85,9.2,1,28.73
2023-04-01,2023,4,Apr,Q2,East,Groceries,123598.93,72,27330.43,10.0,4,22.11
2023-04-01,2023,4,Apr,Q2,East,Sports,66689.6,52,21152.88,9.4,2,31.72
2023-04-01,2023,4,Apr,Q2,West,Electronics,175759.58,200,36589.18,9.1,4,20.82
2023-04-01,2023,4,Apr,Q2,West,Clothing,125200.41,56,43419.85,14.7,3,34.68
2023-04-01,2023,4,Apr,Q2,West,Furniture,107728.48,44,22997.59,17.2,3,21.35
2023-04-01,2023,4,Apr,Q2,West,Groceries,160900.56,65,44540.78,6.2,2,27.68
2023-04-01,2023,4,Apr,Q2,West,Sports,104372.17,112,29829.39,17.7,2,28.58
2023-05-01,2023,5,May,Q2,North,Electronics,208565.02,88,71001.64,17.4,4,34.04
2023-05-01,2023,5,May,Q2,North,Clothing,170660.49,81,35409.35,9.6,4,20.75
2023-05-01,2023,5,May,Q2,North,Furniture,117683.23,62,34519.09,4.6,3,29.33
2023-05-01,2023,5,May,Q2,North,Groceries,177929.41,107,32393.39,2.1,3,18.21
2023-05-01,2023,5,May,Q2,North,Sports,122750.63,103,35332.77,5.6,3,28.78
2023-05-01,2023,5,May,Q2,South,Electronics,167167.02,81,32801.16,8.9,0,19.62
2023-05-01,2023,5,May,Q2,South,Clothing,120664.04,62,24150.36,6.6,2,20.01
2023-05-01,2023,5,May,Q2,South,Furniture,109166.18,43,20483.39,14.2,1,18.76
2023-05-01,2023,5,May,Q2,South,Groceries,128826.88,61,43302.9,17.2,3,33.61
2023-05-01,2023,5,May,Q2,South,Sports,85136.91,39,18957.46,11.0,1,22.27
2023-05-01,2023,5,May,Q2,East,Electronics,134803.88,111,28655.37,16.7,1,21.26
2023-05-01,2023,5,May,Q2,East,Clothing,102225.96,86,19077.21,2.6,1,18.66
2023-05-01,2023,5,May,Q2,East,Furniture,90871.84,70,31039.83,11.3,2,34.16
2023-05-01,2023,5,May,Q2,East,Groceries,113500.49,67,35070.74,6.5,2,30.9
2023-05-01,2023,5,May,Q2,East,Sports,81261.81,33,26957.38,8.7,2,33.17
2023-05-01,2023,5,May,Q2,West,Electronics,177625.43,107,38153.16,11.5,2,21.48
2023-05-01,2023,5,May,Q2,West,Clothing,134686.02,59,28984.82,3.1,0,21.52
2023-05-01,2023,5,May,Q2,West,Furniture,126988.73,76,31696.39,15.0,5,24.96
2023-05-01,2023,5,May,Q2,West,Groceries,146953.22,74,45715.81,12.5,1,31.11
2023-05-01,2023,5,May,Q2,West,Sports,111288.83,64,25376.11,8.8,0,22.8
2023-06-01,2023,6,Jun,Q2,North,Electronics,177474.88,84,31945.83,8.7,3,18.0
2023-06-01,2023,6,Jun,Q2,North,Clothing,136753.35,55,29872.58,6.9,1,21.84
2023-06-01,2023,6,Jun,Q2,North,Furniture,117174.38,146,35619.68,17.5,3,30.4
2023-06-01,2023,6,Jun,Q2,North,Groceries,173576.5,84,56279.11,8.8,2,32.42
2023-06-01,2023,6,Jun,Q2,North,Sports,149367.08,74,47626.07,4.9,2,31.89
2023-06-01,2023,6,Jun,Q2,South,Electronics,169162.72,77,58771.52,14.1,2,34.74
2023-06-01,2023,6,Jun,Q2,South,Clothing,123856.91,64,23946.18,10.7,3,19.33
2023-06-01,2023,6,Jun,Q2,South,Furniture,91261.18,42,25483.9,17.2,0,27.92
2023-06-01,2023,6,Jun,Q2,South,Groceries,124792.01,68,28753.98,13.4,4,23.04
2023-06-01,2023,6,Jun,Q2,South,Sports,111649.82,66,29755.95,7.9,4,26.65
2023-06-01,2023,6,Jun,Q2,East,Electronics,140131.91,70,42240.74,9.4,5,30.14
2023-06-01,2023,6,Jun,Q2,East,Clothing,106847.43,52,34884.35,6.4,3,32.65
2023-06-01,2023,6,Jun,Q2,East,Furniture,77411.16,55,18350.61,17.7,3,23.71
2023-06-01,2023,6,Jun,Q2,East,Groceries,116736.55,57,32167.03,17.2,2,27.56
2023-06-01,2023,6,Jun,Q2,East,Sports,100955.56,93,31665.21,13.8,3,31.37
2023-06-01,2023,6,Jun,Q2,West,Electronics,158283.33,71,28798.24,13.3,5,18.19
2023-06-01,2023,6,Jun,Q2,West,Clothing,138260.03,115,41454.24,15.1,5,29.98
2023-06-01,2023,6,Jun,Q2,West,Furniture,127712.24,143,33947.86,13.5,10,26.58
2023-06-01,2023,6,Jun,Q2,West,Groceries,141333.03,65,38719.63,8.3,1,27.4
2023-06-01,2023,6,Jun,Q2,West,Sports,155441.24,145,36165.57,6.6,10,23.27
2023-07-01,2023,7,Jul,Q3,North,Electronics,202957.53,94,45174.19,12.0,4,22.26
2023-07-01,2023,7,Jul,Q3,North,Clothing,165351.12,70,30104.92,12.8,0,18.21
2023-07-01,2023,7,Jul,Q3,North,Furniture,126749.04,98,29425.05,7.6,5,23.22
2023-07-01,2023,7,Jul,Q3,North,Groceries,160387.13,78,39899.45,3.1,5,24.88
2023-07-01,2023,7,Jul,Q3,North,Sports,147887.73,96,43852.48,7.3,1,29.65
2023-07-01,2023,7,Jul,Q3,South,Electronics,149611.65,62,43251.96,12.7,3,28.91
2023-07-01,2023,7,Jul,Q3,South,Clothing,112462.84,74,34600.29,3.6,2,30.77
2023-07-01,2023,7,Jul,Q3,South,Furniture,93855.68,61,32536.26,3.1,2,34.67
2023-07-01,2023,7,Jul,Q3,South,Groceries,122063.8,49,24322.63,8.5,3,19.93
2023-07-01,2023,7,Jul,Q3,South,Sports,129483.26,85,30934.73,8.4,2,23.89
2023-07-01,2023,7,Jul,Q3,East,Electronics,120732.05,74,27243.28,6.6,4,22.57
2023-07-01,2023,7,Jul,Q3,East,Clothing,113558.79,62,21926.67,3.2,4,19.31
2023-07-01,2023,7,Jul,Q3,East,Furniture,79456.73,83,22393.89,12.0,4,28.18
2023-07-01,2023,7,Jul,Q3,East,Groceries,105143.49,127,36174.89,6.0,7,34.41
2023-07-01,2023,7,Jul,Q3,East,Sports,109090.31,59,25439.23,6.3,3,23.32
2023-07-01,2023,7,Jul,Q3,West,Electronics,194335.84,80,38479.27,4.5,6,19.8
2023-07-01,2023,7,Jul,Q3,West,Clothing,148328.02,64,31808.58,11.4,3,21.44
2023-07-01,2023,7,Jul,Q3,West,Furniture,119804.17,80,21878.29,11.3,2,18.26
2023-07-01,2023,7,Jul,Q3,West,Groceries,151291.9,62,37495.58,15.4,1,24.78
2023-07-01,2023,7,Jul,Q3,West,Sports,148827.2,60,29366.86,2.1,2,19.73
2023-08-01,2023,8,Aug,Q3,North,Electronics,175826.6,84,58985.13,8.9,2,33.55
2023-08-01,2023,8,Aug,Q3,North,Clothing,150709.4,74,27359.67,11.4,3,18.15
2023-08-01,2023,8,Aug,Q3,North,Furniture,129419.9,106,39005.73,3.5,2,30.14
2023-08-01,2023,8,Aug,Q3,North,Groceries,182172.62,88,33216.76,6.0,2,18.23
2023-08-01,2023,8,Aug,Q3,North,Sports,147328.27,120,28085.11,9.3,7,19.06
2023-08-01,2023,8,Aug,Q3,South,Electronics,158231.98,81,30664.62,17.2,5,19.38
2023-08-01,2023,8,Aug,Q3,South,Clothing,130095.93,59,44045.38,10.7,1,33.86
2023-08-01,2023,8,Aug,Q3,South,Furniture,101959.82,49,31143.22,10.3,0,30.54
2023-08-01,2023,8,Aug,Q3,South,Groceries,128149.43,54,35799.35,10.6,1,27.94
2023-08-01,2023,8,Aug,Q3,South,Sports,119527.23,51,35057.18,14.6,2,29.33
2023-08-01,2023,8,Aug,Q3,East,Electronics,133981.21,109,40184.76,8.8,4,29.99
2023-08-01,2023,8,Aug,Q3,East,Clothing,105738.28,44,20183.44,15.2,1,19.09
2023-08-01,2023,8,Aug,Q3,East,Furniture,82395.88,98,19048.1,10.0,1,23.12
2023-08-01,2023,8,Aug,Q3,East,Groceries,111122.02,46,21992.92,14.2,1,19.79
2023-08-01,2023,8,Aug,Q3,East,Sports,107806.75,86,22328.25,4.6,1,20.71
2023-08-01,2023,8,Aug,Q3,West,Electronics,165162.54,85,54485.04,15.0,4,32.99
2023-08-01,2023,8,Aug,Q3,West,Clothing,127236.85,98,29603.84,6.0,4,23.27
2023-08-01,2023,8,Aug,Q3,West,Furniture,115819.92,82,27813.48,15.3,5,24.01
2023-08-01,2023,8,Aug,Q3,West,Groceries,146056.73,62,49948.27,7.2,2,34.2
2023-08-01,2023,8,Aug,Q3,West,Sports,143105.25,59,47077.95,3.6,2,32.9
2023-09-01,2023,9,Sep,Q3,North,Electronics,197376.23,119,42032.6,15.7,6,21.3
2023-09-01,2023,9,Sep,Q3,North,Clothing,165537.73,73,50856.58,9.0,3,30.72
2023-09-01,2023,9,Sep,Q3,North,Furniture,115068.14,59,24218.74,13.1,1,21.05
2023-09-01,2023,9,Sep,Q3,North,Groceries,151707.78,140,27358.78,13.5,8,18.03
2023-09-01,2023,9,Sep,Q3,North,Sports,111759.11,104,21704.09,2.3,2,19.42
2023-09-01,2023,9,Sep,Q3,South,Electronics,168752.29,139,40538.71,3.7,3,24.02
2023-09-01,2023,9,Sep,Q3,South,Clothing,121779.3,66,26999.67,2.9,2,22.17
2023-09-01,2023,9,Sep,Q3,South,Furniture,92853.19,79,31865.05,11.9,3,34.32
2023-09-01,2023,9,Sep,Q3,South,Groceries,129566.9,84,35236.22,13.1,4,27.2
2023-09-01,2023,9,Sep,Q3,South,Sports,81213.57,49,20306.06,15.9,2,25.0
2023-09-01,2023,9,Sep,Q3,East,Electronics,130933.5,131,37048.74,3.9,4,28.3
2023-09-01,2023,9,Sep,Q3,East,Clothing,93329.91,47,20071.8,8.3,3,21.51
2023-09-01,2023,9,Sep,Q3,East,Furniture,77593.08,46,19497.29,2.3,3,25.13
2023-09-01,2023,9,Sep,Q3,East,Groceries,99842.15,62,27488.07,12.1,3,27.53
2023-09-01,2023,9,Sep,Q3,East,Sports,69843.91,85,21161.69,10.6,5,30.3
2023-09-01,2023,9,Sep,Q3,West,Electronics,192419.08,86,50503.48,7.3,5,26.25
2023-09-01,2023,9,Sep,Q3,West,Clothing,138719.27,124,45131.7,16.1,5,32.53
2023-09-01,2023,9,Sep,Q3,West,Furniture,103145.61,70,32656.04,16.4,1,31.66
2023-09-01,2023,9,Sep,Q3,West,Groceries,137206.8,59,33780.15,10.7,4,24.62
2023-09-01,2023,9,Sep,Q3,West,Sports,91461.18,48,17615.23,8.0,3,19.26
2023-10-01,2023,10,Oct,Q4,North,Electronics,191768.42,76,52744.0,7.1,1,27.5
2023-10-01,2023,10,Oct,Q4,North,Clothing,199296.19,139,38201.36,7.9,5,19.17
2023-10-01,2023,10,Oct,Q4,North,Furniture,131977.1,68,39657.82,2.1,1,30.05
2023-10-01,2023,10,Oct,Q4,North,Groceries,199550.14,122,36099.28,14.9,7,18.09
2023-10-01,2023,10,Oct,Q4,North,Sports,112654.07,123,34957.41,11.3,7,31.03
2023-10-01,2023,10,Oct,Q4,South,Electronics,163601.49,75,43855.24,4.2,4,26.81
2023-10-01,2023,10,Oct,Q4,South,Clothing,168378.64,81,35170.89,5.1,5,20.89
2023-10-01,2023,10,Oct,Q4,South,Furniture,105130.27,44,32483.32,11.6,2,30.9
2023-10-01,2023,10,Oct,Q4,South,Groceries,166278.48,93,47806.15,4.5,4,28.75
2023-10-01,2023,10,Oct,Q4,South,Sports,92738.62,73,19881.6,7.0,1,21.44
2023-10-01,2023,10,Oct,Q4,East,Electronics,121030.75,79,40464.52,10.1,1,33.43
2023-10-01,2023,10,Oct,Q4,East,Clothing,123816.79,62,30344.5,15.1,3,24.51
2023-10-01,2023,10,Oct,Q4,East,Furniture,89458.1,70,26631.77,6.2,5,29.77
2023-10-01,2023,10,Oct,Q4,East,Groceries,132255.51,97,29865.55,5.1,5,22.58
2023-10-01,2023,10,Oct,Q4,East,Sports,69228.19,38,15575.51,12.6,2,22.5
2023-10-01,2023,10,Oct,Q4,West,Electronics,190559.94,91,40382.09,3.4,5,21.19
2023-10-01,2023,10,Oct,Q4,West,Clothing,183498.87,119,34001.49,6.2,1,18.53
2023-10-01,2023,10,Oct,Q4,West,Furniture,125290.97,103,34423.36,2.6,5,27.47
2023-10-01,2023,10,Oct,Q4,West,Groceries,168608.94,72,55806.2,7.2,5,33.1
2023-10-01,2023,10,Oct,Q4,West,Sports,114235.47,51,36969.81,6.0,2,32.36
2023-11-01,2023,11,Nov,Q4,North,Electronics,261960.06,272,91636.71,7.2,16,34.98
2023-11-01,2023,11,Nov,Q4,North,Clothing,164389.57,72,57470.07,5.9,0,34.96
2023-11-01,2023,11,Nov,Q4,North,Furniture,122609.78,120,22537.2,7.8,7,18.38
2023-11-01,2023,11,Nov,Q4,North,Groceries,195147.13,146,56834.29,5.7,1,29.12
2023-11-01,2023,11,Nov,Q4,North,Sports,118425.21,63,36663.43,2.6,4,30.96
2023-11-01,2023,11,Nov,Q4,South,Electronics,238058.58,135,68128.65,15.8,6,28.62
2023-11-01,2023,11,Nov,Q4,South,Clothing,123575.07,49,38140.72,9.1,2,30.86
2023-11-01,2023,11,Nov,Q4,South,Furniture,96543.33,81,27173.55,16.9,6,28.15
2023-11-01,2023,11,Nov,Q4,South,Groceries,146305.82,86,31598.85,17.9,6,21.6
2023-11-01,2023,11,Nov,Q4,South,Sports,91323.37,42,27540.12,11.5,0,30.16
2023-11-01,2023,11,Nov,Q4,East,Electronics,192764.27,98,56900.23,8.0,7,29.52
2023-11-01,2023,11,Nov,Q4,East,Clothing,93930.51,56,27939.66,13.2,3,29.75
2023-11-01,2023,11,Nov,Q4,East,Furniture,79015.7,74,22765.2,11.6,1,28.81
2023-11-01,2023,11,Nov,Q4,East,Groceries,134369.03,85,39439.9,15.4,1,29.35
2023-11-01,2023,11,Nov,Q4,East,Sports,65672.32,30,18627.86,13.2,2,28.36
2023-11-01,2023,11,Nov,Q4,West,Electronics,287433.89,118,77925.9,9.8,4,27.11
2023-11-01,2023,11,Nov,Q4,West,Clothing,128694.1,72,29225.42,16.7,3,22.71
2023-11-01,2023,11,Nov,Q4,West,Furniture,117398.82,83,22169.38,2.5,3,18.88
2023-11-01,2023,11,Nov,Q4,West,Groceries,158531.27,86,52278.13,16.1,4,32.98
2023-11-01,2023,11,Nov,Q4,West,Sports,95005.41,41,31412.2,5.1,2,33.06
2023-12-01,2023,12,Dec,Q4,North,Electronics,277342.89,128,96939.78,2.5,9,34.95
2023-12-01,2023,12,Dec,Q4,North,Clothing,157626.52,64,40833.41,15.6,0,25.91
2023-12-01,2023,12,Dec,Q4,North,Furniture,120327.3,131,41610.18,15.1,9,34.58
2023-12-01,2023,12,Dec,Q4,North,Groceries,212287.53,224,52127.54,3.1,5,24.56
2023-12-01,2023,12,Dec,Q4,North,Sports,104126.92,65,23496.82,3.6,1,22.57
2023-12-01,2023,12,Dec,Q4,South,Electronics,211829.4,86,65472.17,17.5,3,30.91
2023-12-01,2023,12,Dec,Q4,South,Clothing,114772.12,53,27024.61,6.8,1,23.55
2023-12-01,2023,12,Dec,Q4,South,Furniture,90365.17,73,21724.18,12.8,1,24.04
2023-12-01,2023,12,Dec,Q4,South,Groceries,141510.01,65,29006.26,7.5,4,20.5
2023-12-01,2023,12,Dec,Q4,South,Sports,80858.77,85,21215.03,6.8,4,26.24
2023-12-01,2023,12,Dec,Q4,East,Electronics,209089.32,202,58277.13,10.1,4,27.87
2023-12-01,2023,12,Dec,Q4,East,Clothing,105117.86,83,27638.83,3.3,3,26.29
2023-12-01,2023,12,Dec,Q4,East,Furniture,79640.6,36,15106.74,8.7,1,18.97
2023-12-01,2023,12,Dec,Q4,East,Groceries,134979.64,75,39606.55,14.4,5,29.34
2023-12-01,2023,12,Dec,Q4,East,Sports,70923.71,41,22895.48,17.8,2,32.28
2023-12-01,2023,12,Dec,Q4,West,Electronics,259694.01,229,68350.61,13.9,10,26.32
2023-12-01,2023,12,Dec,Q4,West,Clothing,139793.42,62,33751.53,15.8,2,24.14
2023-12-01,2023,12,Dec,Q4,West,Furniture,110105.83,70,34090.52,4.0,1,30.96
2023-12-01,2023,12,Dec,Q4,West,Groceries,195166.56,177,53966.22,11.3,7,27.65
2023-12-01,2023,12,Dec,Q4,West,Sports,105626.14,88,28936.55,8.0,4,27.4
